0,4.00101e+18
1,2.9165e+18
2,7.84081e+18
3,3.022e+18
4,1.84255e+18
5,2.20512e+18
6,4.54528e+18
7,8.00126e+17
8,4.5883e+18
9,9.1046e+17
10,6.80631e+18
11,1.2702e+18
12,4.55476e+18
13,4.44504e+18
14,6.60355e+18
15,1.01008e+18
16,4.25273e+16
17,1.1003e+16
18,1.64422e+18
19,2.2737e+18
20,3.6239e+18
21,3.81015e+18
22,4.45812e+18
23,2.30141e+18
24,6.11412e+18
25,2.02853e+18
26,2.44142e+18
27,2.2221e+18
28,6.0403e+18
29,4.33437e+18
30,3.36681e+18
31,5.20304e+18
32,8.63272e+18
33,1.49048e+18
34,5.11e+18
35,6.19811e+18
36,8.35233e+17
37,3.30676e+18
38,6.04402e+18
39,1.2445e+18
40,1.02102e+18
41,5.4251e+18
42,1.49023e+18
43,3.31375e+17
44,1.26115e+18
45,4.11084e+18
46,5.92145e+18
47,4.60114e+18
48,1.00121e+18
49,5.0546e+18
50,6.70307e+18
51,1.51041e+18
52,7.03271e+18
53,7.14047e+18
54,2.50401e+17
55,2.22162e+18
56,4.08312e+18
57,2.16432e+18
58,5.11224e+18
59,1.21859e+18
60,3.23821e+18
61,2.40003e+18
62,6.16122e+18
63,6.72025e+18
64,4.04235e+18
65,1.24866e+18
66,6.51901e+18
67,2.02242e+18
68,1.3223e+18
69,4.30562e+17
70,1.71774e+18
71,2.14004e+17
72,7.0207e+18
73,2.6631e+18
74,7.30316e+18
75,5.21126e+17
76,1.40511e+18
77,4.36107e+18
78,2.27003e+17
79,8.44343e+18
80,7.23602e+18
81,1.70323e+18
82,6.15682e+17
83,6.31142e+18
84,3.3574e+18
85,4.0453e+18
86,4.73428e+17
87,1.76127e+18
88,3.05053e+18
89,6.07806e+16
90,3.17004e+18
91,3.30345e+16
92,6.13744e+18
93,2.2204e+17
94,2.33403e+18
95,1.00042e+18
96,3.63114e+18
97,7.00303e+18
98,8.45232e+18
99,7.20241e+17
100,2.46163e+16
101,8.47312e+17
102,9.72361e+18
103,3.01403e+18
104,5.71062e+18
105,2.30092e+16
106,1.45577e+18
107,1.21104e+18
108,2.02652e+17
109,9.45329e+17
110,6.43042e+18
111,3.21312e+18
112,6.40204e+18
113,7.82121e+15
114,1.20023e+18
115,4.83533e+18
116,1.5024e+16
117,4.32384e+17
118,1.23326e+18
119,2.0227e+17
120,6.21587e+18
121,2.33032e+18
122,2.00423e+18
123,1.63561e+18
124,1.63142e+17
125,2.1634e+17
126,2.13206e+18
127,2.11582e+18
128,3.31411e+16
129,3.22104e+18
130,1.4471e+18
131,4.24272e+18
132,1.63331e+18
133,2.17212e+16
134,3.81103e+18
135,8.37211e+18
136,4.13256e+18
137,1.2483e+17
138,2.0204e+18
139,4.042e+16
140,3.16014e+18
141,7.05275e+17
142,1.41318e+18
143,5.26301e+18
144,3.3105e+18
145,1.10301e+18
146,4.05045e+18
147,4.03131e+18
148,4.41324e+18
149,3.63655e+18
150,2.32283e+18
151,4.61733e+18
152,4.06726e+18
153,2.033e+18
154,5.68042e+18
155,4.01333e+18
156,8.02303e+18
157,5.4468e+18
158,5.48224e+16
159,2.27044e+18
160,4.28643e+18
161,2.54059e+18
162,2.50603e+18
163,1.31611e+18
164,2.21106e+18
165,2.06062e+17
166,3.50812e+17
167,9.06041e+18
168,2.631e+18
169,4.18125e+17
170,4.5105e+18
171,4.2154e+18
172,2.37352e+17
173,2.53113e+18
174,1.07132e+18
175,8.08722e+18
176,2.11832e+18
177,1.85034e+18
178,1.3572e+18
179,2.37116e+18
180,1.08573e+18
181,1.43325e+18
182,3.11103e+18
183,1.30352e+17
184,5.48262e+18
185,1.16426e+18
186,8.26681e+18
187,1.24001e+18
188,3.88052e+18
189,3.23303e+18
190,5.16513e+18
191,4.35845e+18
192,6.03555e+17
193,5.13613e+18
194,6.25854e+18
195,1.33246e+18
196,7.32852e+18
197,2.64806e+17
198,1.05344e+18
199,8.55423e+18
200,3.52413e+18
201,8.10385e+17
202,4.53336e+18
203,7.06325e+18
204,4.65552e+18
205,1.27003e+18
206,8.7021e+18
207,4.33612e+18
208,7.31613e+18
209,3.36782e+18
210,5.17433e+18
211,3.20333e+18
212,3.36093e+18
213,3.13434e+18
214,1.45201e+14
215,2.72336e+18
216,5.22282e+18
217,7.22172e+18
218,4.24353e+17
219,3.01134e+18
220,5.3443e+18
221,3.01213e+18
222,1.55662e+18
223,1.02125e+18
224,8.46412e+18
225,2.11301e+16
226,1.22116e+18
227,5.4224e+18
228,5.01573e+18
229,3.1214e+18
230,2.23846e+18
231,6.62013e+18
232,5.81102e+18
233,5.30055e+18
234,5.35542e+18
235,4.15856e+17
236,3.38011e+18
237,6.15125e+17
238,3.34021e+18
239,4.52237e+18
240,5.17362e+18
241,6.32153e+16
242,6.24132e+18
243,1.42943e+18
244,4.04255e+18
245,7.51812e+18
246,7.2611e+18
247,2.30555e+18
248,2.43355e+18
249,3.50387e+18
250,5.12388e+18
251,2.16532e+17
252,2.35053e+18
253,2.70465e+18
254,6.65842e+18
255,5.23564e+18
256,2.40314e+18
257,2.11719e+18
258,5.03064e+17
259,2.34527e+18
260,1.58202e+18
261,2.51033e+18
262,6.02622e+18
263,3.33412e+18
264,2.80053e+17
265,4.15201e+18
266,1.35256e+18
267,2.01703e+18
268,2.32023e+18
269,3.50041e+17
270,5.8321e+18
271,7.2192e+18
272,7.34102e+18
273,4.03062e+18
274,1.20903e+17
275,1.00534e+17
276,1.30442e+18
277,2.60825e+18
278,1.45616e+18
279,3.01057e+18
280,6.30122e+17
281,7.2101e+16
282,8.34304e+18
283,4.62192e+18
284,2.97741e+18
285,8.41014e+17
286,9.36117e+16
287,4.30407e+18
288,2.62548e+18
289,6.49023e+17
290,7.31505e+18
291,1.00004e+18
292,5.7323e+18
293,3.00261e+18
294,5.61751e+18
295,1.46681e+18
296,4.01326e+18
297,1.71362e+18
298,1.40253e+18
299,1.31001e+18
300,1.23302e+18
301,3.63639e+17
302,1.46392e+18
303,1.56686e+18
304,8.5733e+17
305,2.15175e+17
306,5.72131e+18
307,1.23283e+17
308,1.43312e+18
309,2.27235e+18
310,6.50013e+18
311,3.81234e+18
312,1.73313e+18
313,3.12423e+18
314,8.16732e+18
315,1.1015e+17
316,8.15137e+17
317,5.71034e+18
318,2.17735e+17
319,1.31434e+18
320,4.0144e+18
321,5.55835e+18
322,1.13031e+17
323,6.6323e+18
324,1.053e+18
325,7.68862e+18
326,1.13163e+18
327,5.11535e+17
328,3.04663e+18
329,2.10754e+17
330,1.19176e+18
331,3.62135e+18
332,4.3163e+18
333,1.65116e+18
334,8.80222e+18
335,5.31055e+18
336,7.12233e+17
337,1.20206e+17
338,1.70525e+18
339,8.45401e+18
340,4.25068e+17
341,7.07052e+18
342,1.77471e+18
343,1.15362e+18
344,4.47502e+18
345,5.10302e+18
346,2.2092e+18
347,2.00265e+18
348,1.47825e+17
349,2.0005e+18
350,6.60004e+18
351,6.54232e+18
352,3.86331e+18
353,4.32628e+18
354,5.23122e+18
355,6.75109e+18
356,1.32301e+18
357,5.10205e+18
358,8.31214e+18
359,6.32435e+18
360,1.75713e+18
361,6.63628e+18
362,2.21204e+18
363,1.13752e+17
364,7.2603e+18
365,3.41423e+18
366,7.03103e+18
367,5.30361e+18
368,1.13402e+18
369,2.35511e+18
370,2.12203e+18
371,3.30054e+18
372,2.51521e+17
373,1.3213e+17
374,3.34004e+18
375,3.2172e+17
376,5.24334e+18
377,2.23605e+17
378,3.41418e+18
379,4.56122e+18
380,5.32341e+17
381,4.93306e+18
382,5.14435e+17
383,6.3022e+18
384,1.51246e+18
385,6.33526e+18
386,4.69394e+18
387,3.71643e+17
388,4.70141e+18
389,8.92341e+18
390,2.12302e+18
391,2e+18
392,3.0313e+18
393,7.1411e+18
394,4.47337e+18
395,4.30387e+18
396,4.7133e+18
397,1.04237e+18
398,1.02422e+18
399,7.54459e+18
400,2.53253e+18
401,1.32161e+18
402,9.00446e+18
403,2.34331e+14
404,2.45592e+17
405,2.32864e+18
406,8.1752e+18
407,7.30524e+18
408,3.03611e+18
409,5.51401e+18
410,5.32052e+18
411,2.62009e+18
412,2.327e+18
413,5.83285e+18
414,1.78911e+17
415,1.11108e+18
416,4.47286e+18
417,3.53031e+16
418,1.06254e+18
419,1.00491e+18
420,5.52004e+18
421,2.31153e+18
422,3.77354e+18
423,6.15344e+18
424,4.82002e+18
425,1.25301e+18
426,1.36703e+18
427,4.42243e+18
428,7.43053e+18
429,4.3106e+17
430,8.80184e+18
431,9.7535e+18
432,5.72428e+18
433,3.76821e+18
434,1.3449e+17
435,3.53046e+18
436,1.4314e+18
437,1.21725e+18
438,4.51161e+18
439,8.40021e+18
440,2.54002e+18
441,2.30022e+18
442,5.66204e+14
443,7.51011e+18
444,6.30161e+18
445,1.103e+18
446,3.0217e+18
447,3.03325e+17
448,5.3313e+18
449,4.65053e+18
450,3.00524e+18
451,1.49307e+18
452,4.41056e+18
453,5.12154e+18
454,1.651e+18
455,5.3753e+17
456,2.46067e+17
457,2.33276e+18
458,4.00232e+18
459,9.3112e+18
460,2.53464e+18
461,3.96552e+18
462,5.61271e+18
463,1.39044e+18
464,5.04025e+18
465,3.59213e+17
466,7.44248e+18
467,5.34054e+16
468,1.06107e+18
469,2.5096e+18
470,8.2461e+18
471,5.16022e+18
472,8.678e+16
473,5.75129e+18
474,3.00404e+18
475,1.01018e+18
476,8.02055e+17
477,2.13016e+18
478,1.16031e+18
479,5.5505e+17
480,5.5124e+18
481,6.50046e+18
482,2.47002e+18
483,4.33211e+18
484,8.51304e+18
485,1.07233e+17
486,2.60471e+17
487,2.03032e+18
488,1.55501e+18
489,4.1251e+18
490,2.37032e+17
491,3.32226e+18
492,3.00275e+18
493,4.00252e+18
494,2.28272e+18
495,2.77062e+18
496,2.37433e+17
497,8.24455e+18
498,6.30317e+18
499,3.3351e+18
500,1.33002e+18
501,3.03046e+18
502,2.31281e+18
503,4.18421e+18
504,2.25341e+18
505,8.61911e+18
506,2.03454e+18
507,6.52021e+18
508,4.12361e+18
509,1.53265e+18
510,3.71312e+18
511,5.30134e+17
512,2.62021e+18
513,8.05932e+18
514,6.21055e+18
515,1.73043e+18
516,4.64001e+18
517,1.49109e+17
518,7.75316e+18
519,5.12827e+18
520,2.47502e+17
521,3.7211e+18
522,4.0265e+17
523,6.24712e+17
524,2.61928e+18
525,7.1346e+18
526,1.12705e+18
527,4.35462e+18
528,2.13264e+18
529,1.3047e+16
530,4.81821e+18
531,1.33243e+18
532,3.40048e+18
533,6.6035e+17
534,8.3843e+18
535,4.01081e+18
536,4.21003e+18
537,2.75304e+18
538,5.3098e+18
539,1.14351e+18
540,2.84654e+18
541,6.70621e+17
542,1.81147e+18
543,3.01051e+18
544,4.7504e+16
545,3.25004e+18
546,2.19355e+18
547,9.40597e+17
548,4.25003e+17
549,5.4204e+18
550,1.71452e+17
551,2.15056e+18
552,3.07765e+18
553,2.2601e+18
554,2.10461e+18
555,3.07232e+18
556,1.76531e+18
557,2.22475e+18
558,6.4524e+17
559,1.32042e+18
560,1.65332e+17
561,3.78035e+18
562,5.10323e+18
563,5.53717e+18
564,8.03824e+17
565,2.2105e+18
566,2.164e+18
567,5.203e+18
568,9.63627e+17
569,4.10411e+16
570,3.55161e+18
571,1.31243e+18
572,2.90074e+18
573,3.0071e+18
574,2.05258e+18
575,6.77264e+18
576,5.70809e+18
577,3.55147e+18
578,7.31302e+17
579,5.3225e+18
580,2.1453e+18
581,1.10791e+18
582,3.70106e+18
583,5.43012e+18
584,3.15077e+17
585,1.15023e+18
586,1.2017e+17
587,3.14655e+18
588,4.31262e+17
589,7.62462e+18
590,6.57829e+18
591,8.11402e+18
592,2.25102e+18
593,3.16761e+18
594,1.25468e+18
595,2.02457e+18
596,1.13401e+18
597,1.71201e+18
598,3.47081e+18
599,5.5e+17
600,2.60702e+18
601,1.18012e+18
602,6.3041e+18
603,3.83818e+18
604,4.17338e+18
605,3.30122e+18
606,3.35146e+18
607,2.3303e+17
608,2.0223e+18
609,4.00358e+18
610,5.31114e+17
611,8.27581e+18
612,1.38552e+18
613,2.414e+18
614,8.31371e+18
615,5.0336e+18
616,2.51303e+18
617,2.4143e+18
618,1.46976e+18
619,4.27289e+17
620,3.3103e+18
621,1.55336e+18
622,4.20227e+18
623,2.17101e+18
624,1.22705e+18
625,3.33921e+18
626,1.27312e+18
627,8.06313e+18
628,7.40932e+18
629,6.47351e+18
630,5.0315e+17
631,5.40112e+18
632,2.27473e+18
633,4.93721e+18
634,5.00562e+16
635,5.00033e+18
636,2.31623e+18
637,9.50137e+17
638,3.0255e+18
639,1.0651e+18
640,1.28082e+18
641,3.71311e+18
642,2.34322e+18
643,2.00865e+18
644,6.0511e+18
645,3.027e+18
646,3.53719e+18
647,1.24253e+17
648,7.30354e+15
649,2.02101e+18
650,1.62784e+18
651,3.45303e+18
652,2.44712e+18
653,2.51012e+18
654,2.02878e+18
655,2.30033e+17
656,5.3013e+18
657,2.71511e+18
658,6.0006e+18
659,4.63732e+18
660,3.0545e+18
661,2.3226e+18
662,2.40801e+18
663,8.51411e+15
664,2.02706e+18
665,5.33246e+18
666,2.33005e+17
667,2.0241e+18
668,1.80408e+18
669,1.15119e+18
670,4.30164e+18
671,2.13029e+18
672,5.72074e+18
673,5.11392e+18
674,4.22577e+18
675,5.44691e+17
676,3.17013e+18
677,2.57343e+18
678,2.86417e+18
679,3.62302e+18
680,1.05356e+17
681,3.10213e+18
682,3.02561e+18
683,4.13245e+18
684,7.33253e+18
685,7.23561e+18
686,2.42441e+18
687,2.11601e+18
688,8.51244e+18
689,7.56663e+18
690,3.86171e+18
691,6.04351e+18
692,3.07117e+18
693,9.12788e+18
694,2.52542e+18
695,2.00717e+18
696,7.12403e+17
697,3.09151e+18
698,6.3222e+17
699,1.10075e+18
700,1.60116e+18
701,6.2903e+18
702,4.42721e+18
703,8.42271e+17
704,7.58375e+17
705,1.7052e+18
706,3.04452e+18
707,3.11312e+17
708,1.54407e+18
709,2.965e+15
710,7.12129e+18
711,1.35273e+18
712,5.15105e+15
713,5.05071e+17
714,3.20065e+18
715,9.01441e+18
716,1.03027e+18
717,4.80505e+18
718,3.522e+18
719,1.04484e+18
720,5.211e+18
721,3.47713e+18
722,4.35116e+17
723,9.33302e+17
724,5.0162e+18
725,2.00952e+18
726,4.64552e+17
727,1.36544e+16
728,5.42002e+18
729,1.2264e+17
730,5.15468e+18
731,5.36054e+18
732,3.20408e+18
733,3.03102e+18
734,1.0543e+18
735,3.61651e+18
736,5.30324e+18
737,3.61015e+18
738,1.33131e+18
739,4.03804e+17
740,1.21542e+18
741,6.20441e+18
742,7.35702e+18
743,8.08343e+17
744,1.61136e+18
745,1.13629e+18
746,3.05001e+18
747,3.161e+18
748,3.00983e+17
749,9.12333e+18
750,5.10303e+18
751,2.31223e+18
752,1.36167e+18
753,1.4003e+18
754,6.38154e+18
755,6.82112e+18
756,3.51172e+18
757,8.43716e+18
758,1.09362e+18
759,1.35772e+18
760,2.31163e+17
761,3.30741e+18
762,2.63123e+18
763,3.70242e+18
764,1.14252e+18
765,4.09522e+17
766,3.42123e+15
767,1.1109e+18
768,3.52183e+17
769,6.4831e+17
770,5.46353e+18
771,4.179e+18
772,1.10855e+18
773,6.98014e+18
774,5.40076e+18
775,5.2712e+18
776,8.03832e+17
777,6.32242e+18
778,6.77103e+17
779,5.72436e+18
780,1.0315e+18
781,5.625e+18
782,5.21301e+17
783,6.78025e+18
784,7.16011e+18
785,6.5121e+17
786,6.12032e+18
787,2.32131e+18
788,1.08221e+18
789,4.11303e+17
790,3.53737e+17
791,6.30803e+18
792,6.32053e+18
793,3.21332e+18
794,3.52472e+18
795,3.20942e+18
796,1.42618e+15
797,1.03562e+18
798,8.52113e+18
799,7.50222e+18
800,2.06224e+18
801,2.05548e+18
802,5.62157e+18
803,4.0326e+18
804,2.24316e+18
805,4.54233e+18
806,7.01135e+18
807,3.03061e+18
808,4.2235e+18
809,4.346e+18
810,2.34487e+18
811,4.58738e+18
812,1.32574e+18
813,6.367e+16
814,7.73171e+18
815,5.01623e+18
816,2.17202e+18
817,8.32277e+18
818,1.3333e+18
819,1.50744e+18
820,3.51053e+18
821,3.03204e+18
822,7.12255e+18
823,3.34181e+17
824,2.055e+18
825,2.94453e+18
826,7.47342e+18
827,1.30224e+18
828,5.36622e+18
829,4.20406e+17
830,2.14768e+18
831,4.0342e+18
832,2.20533e+18
833,3.554e+18
834,7.11164e+18
835,6.14118e+18
836,4.10144e+18
837,6.86204e+18
838,7.33048e+18
839,3.25332e+18
840,3.41407e+17
841,6.81802e+17
842,7.51433e+18
843,3.0214e+18
844,4.54416e+18
845,4.3908e+17
846,7.0767e+18
847,1.15933e+16
848,5.04522e+18
849,2.00344e+18
850,5.54398e+18
851,1.80111e+18
852,2.813e+18
853,1.51726e+17
854,4.34071e+18
855,5.06703e+18
856,8.06013e+18
857,4.24236e+18
858,4.42332e+18
859,7.91037e+18
860,3.07237e+18
861,2.1053e+18
862,5.15333e+18
863,3.48332e+18
864,4.16105e+18
865,7.16215e+18
866,1.02147e+17
867,6.03736e+18
868,6.06132e+18
869,4.1538e+18
870,1.30132e+18
871,2.50248e+18
872,1.05765e+17
873,6.21647e+18
874,6.44051e+17
875,4.45413e+18
876,2.00531e+18
877,6.23152e+18
878,5.12502e+18
879,7.03301e+18
880,1.11405e+18
881,5.36101e+16
882,2.81453e+18
883,5.3114e+16
884,4.41015e+18
885,5.13344e+18
886,7.05315e+17
887,2.66021e+18
888,3.10348e+18
889,9.72413e+17
890,6.20343e+18
891,4.22032e+18
892,3.37473e+17
893,4.0145e+18
894,7.04412e+17
895,1.12304e+17
896,3.21564e+18
897,3.6101e+18
898,4.08212e+18
899,5.45525e+18
900,4.2643e+18
901,3.13839e+18
902,3.71631e+17
903,4.16511e+18
904,1.73564e+17
905,4.42118e+18
906,1.11303e+18
907,3.32347e+18
908,9.31513e+18
909,5.03865e+18
910,2.26103e+17
911,6.33303e+18
912,3.03205e+18
913,3.1128e+18
914,2.97664e+18
915,1.41076e+18
916,3.30004e+18
917,1.04322e+18
918,6.6172e+18
919,1.11104e+18
920,8.80317e+18
921,5.62515e+18
922,3.02023e+18
923,3.0012e+18
924,1.3712e+18
925,5.61106e+18
926,2.101e+17
927,1.21011e+18
928,4.04012e+18
929,1.40404e+18
930,1.33641e+18
931,8.16073e+18
932,3.01064e+18
933,8.13031e+17
934,6.03114e+18
935,1.03112e+18
936,3.3321e+17
937,3.50312e+16
938,1.12413e+18
939,5.2136e+18
940,3.61701e+18
941,4.33661e+18
942,7.20503e+18
943,3.85402e+18
944,4.5251e+18
945,7.42236e+18
946,6.1459e+17
947,1.4531e+18
948,1.74301e+18
949,6.03011e+18
950,1.12366e+18
951,9.2002e+18
952,5.21344e+18
953,1.07302e+18
954,6.00055e+18
955,3.04532e+18
956,9.30901e+17
957,8.34337e+18
958,5.7415e+18
959,1.11831e+18
960,3.44276e+18
961,2.30536e+18
962,7.10464e+18
963,4.15036e+17
964,5.4533e+18
965,7.21572e+18
966,3.2302e+18
967,4.00158e+18
968,3.00358e+17
969,1.04615e+18
970,6.01605e+18
971,5.03411e+17
972,6.01222e+18
973,3.17304e+18
974,4.08261e+18
975,6.52423e+18
976,3.66159e+18
977,4.03324e+18
978,4.2504e+16
979,3.62511e+18
980,5.5402e+16
981,1.25016e+18
982,2.51523e+17
983,2.52602e+18
984,1.42102e+18
985,3.50745e+18
986,1.08231e+18
987,3.32682e+18
988,3.81125e+18
989,7.46151e+18
990,6.7011e+18
991,6.253e+18
992,1.01633e+18
993,1.81604e+16
994,1.80243e+17
995,6.67622e+18
996,3.08147e+18
997,5.01506e+17
998,2.10567e+18
999,1.02302e+18
1000,2.02341e+18
1001,6.57231e+18
1002,5.44461e+18
1003,3.32135e+17
1004,2.53035e+18
1005,3.80712e+18
1006,7.34104e+18
1007,6.14356e+18
1008,1.6012e+18
1009,1.33324e+18
1010,1.40315e+16
1011,3.33132e+17
1012,2.8152e+18
1013,6.65563e+18
1014,2.51331e+18
1015,2.15404e+17
1016,8.50543e+16
1017,5.67134e+18
1018,2.57122e+18
1019,1.11043e+18
1020,2.11302e+18
1021,3.63633e+18
1022,3.42616e+18
1023,6.11447e+18
1024,3.10506e+18
1025,3.29514e+18
1026,3.21024e+16
1027,8.02524e+18
1028,5.11242e+18
1029,1.38431e+18
1030,2.375e+18
1031,4.28221e+18
1032,3.80251e+18
1033,4.48035e+18
1034,4.34723e+18
1035,2.46865e+18
1036,4.20571e+18
1037,3.22418e+18
1038,1.41019e+18
1039,5.63321e+18
1040,8.14004e+18
1041,1.81364e+18
1042,2.10695e+18
1043,1.26515e+18
1044,5.14024e+18
1045,2.30632e+17
1046,1.07614e+18
1047,5.50244e+18
1048,2.60291e+18
1049,4.28151e+18
1050,3.66225e+18
1051,3.81744e+18
1052,6.02206e+18
1053,2.03322e+18
1054,1.31005e+18
1055,4.64415e+18
1056,1.22769e+18
1057,8.34168e+18
1058,1.63169e+18
1059,2.85077e+18
1060,1.63013e+18
1061,3.50018e+18
1062,5.23206e+17
1063,6.32585e+18
1064,5.58046e+18
1065,8.01242e+18
1066,1.52254e+18
1067,1.07442e+18
1068,5.42302e+18
1069,7.65323e+17
1070,4.61233e+18
1071,2.10207e+18
1072,1.25108e+18
1073,1.04522e+17
1074,1.62425e+18
1075,6.13837e+17
1076,2.12835e+18
1077,2.0801e+18
1078,4.71206e+18
1079,1.00171e+18
1080,6.30434e+18
1081,4.40131e+18
1082,6.75312e+18
1083,3.17113e+18
1084,2.34008e+18
1085,4.34103e+18
1086,3.36136e+18
1087,3.31416e+18
1088,4.03621e+16
1089,2.03014e+15
1090,2.52322e+18
1091,3.6253e+18
1092,2.11016e+18
1093,1.20746e+18
1094,9.65462e+18
1095,2.00351e+18
1096,2.52332e+18
1097,6.10355e+18
1098,1.21216e+18
1099,3.43085e+18
1100,5.55457e+17
1101,1.23425e+17
1102,5.0234e+16
1103,2.20911e+18
1104,4.30173e+18
1105,2.43942e+18
1106,5.43534e+18
1107,8.16006e+17
1108,2.85154e+18
1109,5.07875e+18
1110,1.18641e+18
1111,8.28131e+18
1112,3.33211e+17
1113,3.65213e+18
1114,1.02012e+18
1115,4.11108e+18
1116,2.16873e+17
1117,2.25203e+17
1118,2.02057e+18
1119,2.32127e+18
1120,2.14427e+17
1121,4.10105e+18
1122,3.44415e+18
1123,3.11803e+18
1124,2.41207e+18
1125,4.4034e+18
1126,5.05301e+18
1127,6.0111e+18
1128,2.11e+18
1129,3.43245e+18
1130,1.68075e+17
1131,1.60403e+18
1132,3.2015e+18
1133,3.16061e+17
1134,1.16356e+18
1135,6.2e+18
1136,2.30023e+18
1137,1.17237e+18
1138,1.21237e+18
1139,4.00304e+18
1140,8.15075e+17
1141,1.5506e+18
1142,1.3026e+18
1143,4.51051e+18
1144,3.29128e+18
1145,1.31122e+18
1146,5.01323e+18
1147,6.21131e+18
1148,1.84035e+18
1149,2.22248e+18
1150,2.05542e+18
1151,5.25131e+18
1152,3.20028e+18
1153,6.41641e+18
1154,1.2305e+17
1155,6.01442e+18
1156,5.51911e+18
1157,2.56625e+18
1158,8.40432e+16
1159,8.17286e+18
1160,1.50044e+18
1161,2.10522e+18
1162,2.61347e+18
1163,1.37121e+18
1164,5.02005e+18
1165,4.20407e+18
1166,3.27004e+18
1167,2.08486e+18
1168,8.11402e+18
1169,1.87062e+18
1170,5.53331e+17
1171,3.21131e+18
1172,1.96502e+17
1173,2.32431e+18
1174,1.00419e+18
1175,7.0516e+18
1176,1.17933e+18
1177,7.33203e+18
1178,2.43731e+18
1179,4.6211e+18
1180,2.24201e+18
1181,2.50576e+17
1182,2.45477e+18
1183,3.28832e+18
1184,3.2214e+18
1185,4.01067e+18
1186,2.10403e+16
1187,2.23031e+16
1188,2.34933e+17
1189,5.31511e+18
1190,2.61938e+18
1191,2.21632e+17
1192,1.61074e+18
1193,5.10644e+16
1194,1.36285e+18
1195,3.31042e+17
1196,3.15502e+18
1197,8.11355e+18
1198,7.05875e+18
1199,2.05107e+18
1200,6.38342e+18
1201,2.22444e+18
1202,3.52342e+17
1203,2.14311e+18
1204,1.62702e+18
1205,5.53701e+18
1206,6.21545e+17
1207,1.307e+18
1208,6.0354e+18
1209,2.41673e+18
1210,6.9005e+17
1211,1.12118e+18
1212,4.35262e+18
1213,2.00682e+17
1214,5.85203e+18
1215,4.55104e+18
1216,1.69368e+18
1217,1.18381e+18
1218,5.05657e+17
1219,3.13352e+18
1220,7.43527e+17
1221,4.81532e+18
1222,5.22401e+18
1223,6.35033e+18
1224,2.10273e+17
1225,5.65715e+17
1226,2.50322e+18
1227,3.76116e+18
1228,2.05503e+17
1229,5.38244e+18
1230,1.44383e+18
1231,2.04255e+17
1232,4.41508e+18
1233,1.03611e+18
1234,2.2451e+18
1235,3.63507e+18
1236,4.4821e+18
1237,2.43142e+18
1238,3.21334e+18
1239,1.20603e+18
1240,2.04245e+17
1241,4.0174e+18
1242,2.52443e+18
1243,4.2415e+18
1244,8.21173e+18
1245,2.26667e+18
1246,3.21336e+18
1247,8.27861e+18
1248,2.00202e+18
1249,2.05785e+16
1250,4.10567e+18
1251,7.23351e+18
1252,9.60132e+18
1253,2.11633e+18
1254,4.17422e+18
1255,4.61255e+18
1256,5.07794e+18
1257,5.56622e+18
1258,7.22763e+18
1259,2.43201e+17
1260,5.13842e+18
1261,1.21302e+18
1262,2.33375e+18
1263,1.04516e+18
1264,9.43263e+18
1265,3.64615e+18
1266,4.25792e+17
1267,2.72441e+18
1268,2.25512e+18
1269,1.74265e+18
1270,5.03032e+18
1271,9.6008e+17
1272,1.21003e+18
1273,1.2021e+18
1274,3.31029e+18
1275,5.06414e+18
1276,4.00204e+18
1277,7.75857e+17
1278,3.41003e+18
1279,4.7346e+18
1280,4.50437e+17
1281,7.162e+18
1282,4.408e+18
1283,3.05101e+18
1284,3.5005e+18
1285,5.04563e+18
1286,6.1212e+18
1287,2.70415e+18
1288,3.21302e+18
1289,2.12522e+18
1290,1.10271e+18
1291,7.40301e+18
1292,6.08011e+18
1293,5.12001e+17
1294,4.51539e+18
1295,2.30208e+18
1296,9.73813e+18
1297,2.0455e+18
1298,5.41515e+17
1299,1.04123e+18
1300,3.65532e+18
1301,2.10455e+17
1302,7.43234e+18
1303,4.76211e+18
1304,4.22166e+18
1305,1.27231e+18
1306,1.0024e+18
1307,7.32318e+18
1308,1.50268e+18
1309,4.47617e+18
1310,1.01218e+17
1311,8.12624e+18
1312,3.62272e+18
1313,2.26143e+18
1314,2.90327e+18
1315,5.15212e+18
1316,6.47016e+18
1317,4.00283e+18
1318,6.46016e+18
1319,8.04863e+18
1320,2.6442e+18
1321,1.50623e+18
1322,1.25341e+18
1323,7.30511e+18
1324,9.85204e+17
1325,2.62213e+18
1326,3.45154e+18
1327,4.8552e+18
1328,7.60878e+18
1329,5.50361e+18
1330,3.77144e+17
1331,3.02245e+18
1332,7.12451e+18
1333,2.3341e+16
1334,2.61041e+18
1335,7.34121e+18
1336,2.51821e+18
1337,1.44627e+18
1338,3.83044e+18
1339,2.10301e+14
1340,3.27057e+18
1341,1.33672e+18
1342,5.2341e+18
1343,4.01412e+18
1344,1.20418e+17
1345,7.25706e+18
1346,1.44327e+18
1347,1.17025e+18
1348,2.49103e+17
1349,5.06133e+17
1350,2.20103e+18
1351,3.57003e+18
1352,4.04217e+18
1353,1.54041e+17
1354,3.7383e+18
1355,2.11283e+18
1356,5.01013e+18
1357,5.52363e+18
1358,1.62218e+18
1359,2.1511e+18
1360,3.60736e+18
1361,6.40318e+17
1362,5.18331e+17
1363,1.41573e+18
1364,3.04458e+16
1365,1.11253e+18
1366,2.03547e+18
1367,9.75552e+17
1368,2.23637e+18
1369,7.05047e+18
1370,1.1602e+17
1371,2.70032e+18
1372,7.7423e+18
1373,3.44803e+18
1374,1.51452e+18
1375,1.50427e+18
1376,3.13268e+17
1377,5.08732e+18
1378,5.13402e+18
1379,2.20306e+18
1380,5.15203e+18
1381,1.2046e+18
1382,3.12219e+18
1383,3.24333e+18
1384,8.15722e+18
1385,4.27203e+17
1386,2.0052e+18
1387,6.74511e+18
1388,5.652e+17
1389,4.53113e+16
1390,1.25627e+17
1391,4.21122e+18
1392,8.54005e+18
1393,2.8102e+18
1394,4.50002e+17
1395,2.03269e+18
1396,7.01034e+18
1397,8.91054e+18
1398,4.00333e+18
1399,3.014e+18
1400,3.60332e+18
1401,5.61052e+18
1402,4.24901e+18
1403,3.10357e+18
1404,3.04342e+18
1405,5.48611e+18
1406,7.32353e+18
1407,4.82121e+17
1408,5.72036e+18
1409,6.1583e+18
1410,1.21302e+18
1411,2.7123e+18
1412,5.13454e+18
1413,3.22453e+18
1414,2.51021e+18
1415,6.7516e+18
1416,1.11247e+18
1417,6.10221e+18
1418,1.14145e+18
1419,2.40522e+18
1420,2.06273e+18
1421,6.04568e+18
1422,8.60011e+18
1423,4.68144e+18
1424,1.24714e+16
1425,3.1e+18
1426,8.66244e+18
1427,7.26082e+18
1428,8.02128e+18
1429,9.47005e+18
1430,5.35274e+17
1431,2.71008e+15
1432,3.2236e+18
1433,5.07245e+17
1434,9.4122e+18
1435,5.02417e+17
1436,4.80417e+18
1437,8.40054e+18
1438,3.26306e+17
1439,1.5304e+18
1440,1.25441e+18
1441,5.34441e+18
1442,1.53112e+18
1443,3.14427e+18
1444,4.36333e+18
1445,2.55721e+18
1446,4.33221e+17
1447,2.90116e+18
1448,4.21042e+18
1449,3.56152e+18
1450,4.34131e+16
1451,1.61202e+18
1452,4.62137e+17
1453,6.24106e+18
1454,1.16011e+18
1455,6.02223e+18
1456,2.16211e+18
1457,2.20215e+18
1458,5.22013e+18
1459,5.5812e+18
1460,7.11112e+16
1461,4.32366e+18
1462,2.30043e+14
1463,3.54014e+18
1464,4.15593e+18
1465,4.61337e+18
1466,2.00401e+18
1467,7.0213e+18
1468,1.03322e+18
1469,1.41403e+17
1470,7.03151e+18
1471,2.34248e+17
1472,2.20504e+16
1473,1.05066e+18
1474,1.02411e+17
1475,1.00434e+18
1476,3.42044e+18
1477,3.51003e+17
1478,1.20236e+18
1479,1.28108e+18
1480,5.35204e+18
1481,6.01115e+18
1482,2.64912e+18
1483,2.32722e+17
1484,2.04812e+18
1485,1.39226e+18
1486,1.51361e+18
1487,1.71612e+18
1488,1.00248e+18
1489,1.59514e+18
1490,4.23822e+18
1491,2.5012e+18
1492,6.13154e+18
1493,2.11333e+18
1494,4.07832e+17
1495,6.12001e+18
1496,1.43131e+17
1497,4.131e+18
1498,3.70351e+18
1499,6.16326e+18
1500,1.22411e+17
1501,1.073e+18
1502,3.74032e+18
1503,3.05602e+18
1504,2.15116e+18
1505,7.16407e+18
1506,3.21895e+18
1507,3.25206e+16
1508,2.30405e+18
1509,2.31815e+18
1510,6.27601e+18
1511,6.10743e+17
1512,6.11783e+18
1513,1.40112e+18
1514,6.16071e+17
1515,3.03916e+17
1516,3.21644e+18
1517,9.17143e+17
1518,3.30535e+18
1519,5.63044e+18
1520,7.31255e+18
1521,3.02031e+17
1522,6.72374e+18
1523,1.2663e+18
1524,1.54725e+18
1525,2.21283e+17
1526,1.06341e+18
1527,7.02651e+18
1528,5.34e+18
1529,4.28242e+18
1530,9.73334e+18
1531,3.30372e+18
1532,1.31341e+18
1533,1.1501e+18
1534,5.25467e+18
1535,2.23522e+18
1536,1.14654e+18
1537,4.70285e+18
1538,3.00977e+18
1539,7.31023e+18
1540,6.31408e+18
1541,3.5135e+17
1542,9.42032e+18
1543,1.03852e+18
1544,3.27505e+18
1545,1.53185e+18
1546,2.63606e+18
1547,5.02214e+18
1548,1.22309e+18
1549,6.51104e+17
1550,2.44164e+18
1551,2.20344e+18
1552,2.25407e+18
1553,6.62024e+18
1554,4.01361e+18
1555,2.83261e+18
1556,2.00161e+18
1557,4.71333e+18
1558,1.64113e+18
1559,5.25038e+18
1560,2.04003e+18
1561,5.93419e+18
1562,3.20201e+17
1563,4.33308e+18
1564,6.40058e+17
1565,4.784e+17
1566,2.53053e+17
1567,3.30029e+18
1568,2.2451e+17
1569,2.1884e+18
1570,1.54812e+17
1571,1.12159e+17
1572,4.62041e+18
1573,2.652e+18
1574,4.43562e+18
1575,4.31303e+18
1576,7.1161e+18
1577,3.5421e+18
1578,2.02111e+18
1579,5.98613e+17
1580,1.14625e+17
1581,5.23421e+18
1582,8.1405e+18
1583,1.35365e+17
1584,1.1166e+18
1585,4.41911e+18
1586,2.13203e+18
1587,3.39263e+18
1588,2.46143e+18
1589,2.31416e+18
1590,1.25003e+18
1591,2.53133e+18
1592,3.23131e+17
1593,4.09328e+18
1594,4.70203e+18
1595,1.81114e+18
1596,5.80333e+18
1597,6.19505e+18
1598,1.00011e+18
1599,1.21264e+18
1600,1.60612e+18
1601,4.43001e+18
1602,5.30426e+18
1603,2.51024e+18
1604,1.19704e+18
1605,1.38034e+18
1606,1.01121e+18
1607,3.85332e+17
1608,1.11025e+17
1609,3.51425e+17
1610,5.65209e+18
1611,3.20043e+17
1612,2.5264e+18
1613,3.41143e+18
1614,7.21301e+18
1615,4.46452e+17
1616,4.15614e+18
1617,1.70888e+17
1618,6.02925e+16
1619,3.16273e+17
1620,2.51219e+18
1621,9.62064e+17
1622,6.07105e+18
1623,7.65651e+18
1624,3.20411e+17
1625,2.7281e+18
1626,3.84251e+18
1627,1.07566e+18
1628,2.12074e+18
1629,6.91362e+18
1630,4.00112e+18
1631,2.39881e+18
1632,1.03724e+18
1633,3.2401e+18
1634,9.15291e+18
1635,3.07551e+17
1636,3.246e+18
1637,4.01002e+18
1638,5.2014e+17
1639,1.3013e+18
1640,6.53002e+16
1641,2.165e+18
1642,1.57465e+17
1643,5.50165e+18
1644,2.25422e+18
1645,1.84358e+17
1646,2.2154e+17
1647,4.243e+18
1648,1.04571e+18
1649,4.23512e+16
1650,4.1342e+18
1651,4.1518e+18
1652,1.87261e+18
1653,6.55323e+18
1654,6.31441e+18
1655,3.47462e+18
1656,4.11064e+18
1657,5.16942e+17
1658,9.02384e+18
1659,1.26427e+17
1660,3.56325e+15
1661,3.4876e+18
1662,4.40243e+18
1663,1.12782e+18
1664,2.65112e+18
1665,2.31436e+18
1666,1.07645e+18
1667,7.31346e+18
1668,5.03635e+17
1669,2.66172e+18
1670,5.59012e+18
1671,6.75302e+18
1672,6.172e+16
1673,2.01764e+18
1674,2.20183e+18
1675,2.24714e+18
1676,2.11917e+18
1677,1.72131e+17
1678,1.1228e+18
1679,4.42261e+18
1680,5.00523e+17
1681,4.01002e+18
1682,2.55521e+18
1683,3.78842e+18
1684,2.3033e+16
1685,3.60812e+17
1686,4.10695e+17
1687,3.14103e+18
1688,6.05514e+18
1689,5.42558e+18
1690,2.31661e+18
1691,2.29041e+18
1692,1.71335e+18
1693,2.26335e+18
1694,6.34413e+18
1695,6.10102e+17
1696,2.31224e+18
1697,1.4207e+18
1698,2.2433e+18
1699,4.30341e+18
1700,3.02002e+18
1701,6.23354e+18
1702,4.84612e+18
1703,5.7401e+18
1704,1.00521e+18
1705,2.70102e+18
1706,1.10707e+18
1707,2.43621e+18
1708,3.79523e+18
1709,2.4685e+18
1710,1.90714e+18
1711,3.21302e+18
1712,2.50142e+18
1713,4.2366e+18
1714,1.23015e+18
1715,5.00508e+18
1716,6.11545e+18
1717,1.2507e+18
1718,7.20523e+18
1719,4.18251e+18
1720,4.73341e+18
1721,3.66533e+16
1722,4.33304e+17
1723,7.02202e+18
1724,2.00644e+18
1725,2.61223e+18
1726,1.45473e+18
1727,4.67322e+18
1728,3.4272e+18
1729,3.08213e+18
1730,1.38777e+17
1731,2.21043e+18
1732,9.44404e+18
1733,4.1712e+18
1734,1.30677e+18
1735,5.21175e+18
1736,9.08043e+18
1737,1.20411e+18
1738,2.25003e+18
1739,1.11515e+17
1740,8.03112e+18
1741,3.40133e+18
1742,2.0121e+18
1743,3.92421e+18
1744,3.7352e+18
1745,1.46236e+18
1746,2.50613e+18
1747,5.02342e+18
1748,7.67011e+18
1749,5.8166e+18
1750,7.12813e+18
1751,1.14532e+18
1752,3.71604e+18
1753,3.24574e+18
1754,8.73731e+18
1755,3.13736e+18
1756,3.24482e+18
1757,7.12503e+18
1758,9.83301e+18
1759,1.30112e+18
1760,8.41271e+18
1761,4.60102e+16
1762,8.87295e+18
1763,1.34767e+18
1764,3.60226e+18
1765,1.0443e+18
1766,4.61558e+18
1767,3.46633e+18
1768,2.2126e+16
1769,1.522e+18
1770,1.1362e+18
1771,1.09141e+18
1772,3.70661e+18
1773,2.31449e+18
1774,4.17722e+18
1775,6.8583e+18
1776,3.01217e+18
1777,9.03627e+18
1778,6.2635e+18
1779,2.88284e+18
1780,1.75008e+18
1781,3.21233e+18
1782,2.11138e+18
1783,2.53283e+17
1784,3.51531e+17
1785,6.30352e+18
1786,7.5528e+18
1787,7.20311e+18
1788,2.55143e+18
1789,1.1064e+18
1790,8.91039e+18
1791,2.063e+17
1792,4.97151e+18
1793,1.1e+18
1794,5.691e+18
1795,1.06443e+18
1796,3.64101e+18
1797,6.50211e+18
1798,2.53044e+18
1799,7.0054e+17
1800,1.03036e+17
1801,3.06243e+18
1802,1.038e+18
1803,6.78966e+18
1804,1.40714e+18
1805,5.4e+16
1806,3.20235e+18
1807,6.52313e+18
1808,5.52282e+18
1809,2.44073e+18
1810,4.55702e+18
1811,2.20172e+18
1812,1.2233e+18
1813,9.51251e+18
1814,2.1512e+17
1815,4.22062e+17
1816,3.35638e+18
1817,4.22939e+18
1818,1.7144e+18
1819,1.13214e+18
1820,7.33835e+17
1821,9.11612e+17
1822,5.13105e+18
1823,6.12352e+18
1824,1.68054e+18
1825,4.04234e+18
1826,2.55053e+18
1827,1.73302e+18
1828,9.00055e+18
1829,3.23101e+18
1830,5.51343e+18
1831,1.44448e+18
1832,4.07943e+18
1833,2.51203e+18
1834,6.40246e+18
1835,1.36701e+18
1836,4.0226e+18
1837,7.77253e+18
1838,6.61916e+17
1839,4.03801e+18
1840,2.24021e+18
1841,6.24614e+18
1842,4.3102e+18
1843,4.33102e+18
1844,1.6342e+18
1845,1.36123e+18
1846,2.90317e+18
1847,4.07761e+18
1848,1.51071e+18
1849,5.74273e+18
1850,8.2015e+17
1851,4.35458e+18
1852,5.12345e+18
1853,8.70133e+18
1854,6.60142e+18
1855,2.84512e+17
1856,7.27249e+18
1857,3.03205e+17
1858,8.30733e+17
1859,4.20142e+18
1860,4.22062e+18
1861,3.20002e+18
1862,1.51135e+18
1863,6.12341e+18
1864,2.52212e+18
1865,7.21101e+18
1866,1.03243e+18
1867,2.12501e+18
1868,7.23201e+18
1869,2.50743e+18
1870,5.41739e+18
1871,6.06716e+16
1872,3.41205e+18
1873,2.64024e+18
1874,6.42345e+18
1875,3.46034e+18
1876,1.20139e+18
1877,2.24417e+18
1878,2.70311e+17
1879,6.40171e+18
1880,5.36445e+18
1881,6.35006e+18
1882,5.02238e+16
1883,6.03536e+18
1884,8.01114e+18
1885,1.04302e+18
1886,5.02751e+18
1887,3.30523e+18
1888,3.3306e+18
1889,1.2221e+18
1890,3.25697e+18
1891,1.54514e+17
1892,3.13435e+18
1893,1.52001e+18
1894,3.25122e+17
1895,2.3131e+17
1896,8.43082e+18
1897,6.44211e+18
1898,5.05326e+17
1899,1.78522e+18
1900,4.25315e+18
1901,2.02201e+17
1902,3.42423e+18
1903,6.32246e+16
1904,2.47105e+18
1905,8.22031e+17
1906,6.62111e+18
1907,1.10122e+18
1908,3.32101e+18
1909,5.23422e+18
1910,1.21242e+18
1911,8.42033e+18
1912,6.77004e+17
1913,1.71622e+16
1914,6.46856e+18
1915,7.62334e+18
1916,3.32301e+18
1917,4.44162e+18
1918,1.108e+18
1919,6.72403e+18
1920,7.71256e+18
1921,1.3942e+18
1922,2.02123e+18
1923,6.42538e+18
1924,1.53711e+18
1925,7.33113e+18
1926,7.04463e+18
1927,4.00347e+18
1928,2.00124e+18
1929,4.76722e+18
1930,8.60006e+18
1931,3.30536e+18
1932,3.85452e+18
1933,1.43331e+18
1934,2.31524e+18
1935,2.05051e+18
1936,4.68211e+18
1937,2.64024e+18
1938,4.35512e+18
1939,2.02801e+17
1940,2.21402e+18
1941,1.13713e+18
1942,3.55109e+18
1943,1.311e+18
1944,8.62114e+17
1945,1.60058e+18
1946,3.10261e+17
1947,2.40647e+18
1948,1.21333e+18
1949,3.44111e+18
1950,6.00131e+18
1951,8.30565e+18
1952,6.80586e+18
1953,6.4751e+18
1954,5.11133e+18
1955,1.56115e+18
1956,6.49036e+18
1957,2.78164e+18
1958,3.00205e+18
1959,3.24401e+18
1960,2.00512e+18
1961,7.1245e+18
1962,1.01234e+18
1963,2.11621e+18
1964,2.20633e+17
1965,2.2106e+18
1966,5.37232e+18
1967,6.08411e+18
1968,5.06105e+18
1969,2.35161e+18
1970,6.13042e+17
1971,2.43639e+18
1972,5.29285e+18
1973,1.51506e+18
1974,2.97335e+18
1975,5.25123e+18
1976,1.12378e+18
1977,4.43105e+18
1978,2.01125e+18
1979,5.92616e+18
1980,8.88343e+18
1981,1.50115e+18
1982,4.42351e+16
1983,3.33367e+18
1984,2.22013e+18
1985,7.73401e+17
1986,7.27626e+17
1987,7.13405e+17
1988,8.79522e+18
1989,7.26434e+16
1990,8.11202e+18
1991,3.31018e+18
1992,3.3112e+18
1993,2.33407e+18
1994,3.38035e+17
1995,5.03312e+16
1996,1.35482e+18
1997,2.13055e+18
1998,4.00453e+18
1999,4.2e+18
